                  epoch,         train/box_loss,         train/cls_loss,         train/dfl_loss,   metrics/precision(B),      metrics/recall(B),       metrics/mAP50(B),    metrics/mAP50-95(B),           val/box_loss,           val/cls_loss,           val/dfl_loss,                 lr/pg0,                 lr/pg1,                 lr/pg2
                      1,                 1.8562,                 3.5613,                 1.9312,                 0.0034,                 0.8444,                0.17099,                0.06521,                 2.1446,                 3.8322,                 2.3957,             0.00046346,             0.00046346,             0.00046346
                      2,                 1.8172,                 3.0523,                 1.8832,                0.36833,                0.32282,                0.25799,                0.10304,                 2.0286,                 3.0978,                 2.3755,             0.00075371,             0.00075371,             0.00075371
                      3,                 1.8094,                 2.8267,                 1.8539,                 0.2227,                0.38953,                0.23694,                0.09124,                 2.1946,                  4.326,                  2.774,             0.00085534,             0.00085534,             0.00085534
                      4,                  1.745,                 2.6616,                 1.8142,                0.41099,                0.26803,                0.26488,                0.10951,                 2.1453,                 3.1001,                 2.4627,             0.00058017,             0.00058017,             0.00058017
                      5,                 1.7117,                 2.4796,                 1.7908,                0.29184,                0.43541,                0.33655,                0.15157,                 1.8907,                 2.7474,                 2.2144,             0.00058017,             0.00058017,             0.00058017
