                  epoch,         train/box_loss,         train/cls_loss,         train/dfl_loss,   metrics/precision(B),      metrics/recall(B),       metrics/mAP50(B),    metrics/mAP50-95(B),           val/box_loss,           val/cls_loss,           val/dfl_loss,                 lr/pg0,                 lr/pg1,                 lr/pg2
                      1,                 1.9618,                 2.9887,                 1.9942,                0.00349,                0.92199,                0.29272,                0.09774,                 2.1053,                 4.0702,                 2.2655,             0.00064865,             0.00064865,             0.00064865
                      2,                 1.8792,                 2.4851,                 1.9562,                0.23772,                0.37589,                0.24301,                0.09056,                 2.1637,                  3.425,                 2.5378,              0.0010549,              0.0010549,              0.0010549
                      3,                 1.9119,                 2.3975,                 1.9909,                0.29181,                0.26241,                0.20409,                0.07028,                 2.2134,                 3.6263,                 2.5363,              0.0011971,              0.0011971,              0.0011971
                      4,                 1.9368,                  2.342,                 1.9464,                0.44651,                0.39007,                0.39418,                0.16245,                  2.137,                 2.7505,                 2.2982,               0.000812,               0.000812,               0.000812
                      5,                 1.8777,                 2.1927,                 1.9135,                0.35418,                0.31915,                0.27364,                0.09907,                 2.0899,                 3.2968,                 2.3077,               0.000812,               0.000812,               0.000812
